term_ar,term_en,meaning_en,meaning_ar,avoid,note_ar,note_en,source_url
تقوى,Taqwa,"Being mindful of Allah: a consciousness of Him that leads one to obey His commands and avoid His prohibitions.","استشعار مراقبة الله الذي يحمل على امتثال أوامره واجتناب نواهيه.","fear;fear of god;dread","تُنقل بلفظها (Taqwa) مع شرح المعنى؛ وترجمتها بـ fear وحدها تحصرها في الخوف وتُسقط معنى المراقبة والامتثال.","Keep the term (Taqwa) and explain it; rendering it as plain 'fear' narrows it to dread and loses the sense of mindful obedience.",https://islamic-content.com/dictionary
إيمان,Iman,"Faith: belief in the heart, affirmation by the tongue and action by the limbs; it increases and decreases.","الإيمان: اعتقاد بالجنان وقول باللسان وعمل بالأركان، يزيد وينقص.","being a muslim;is a muslim;trust;confidence","نفي الإيمان في الأحاديث يكون غالبًا لنفي كماله لا أصله، فلا يُترجم «لا يؤمن» بـ is not a Muslim.","Negating iman in hadith usually negates its completeness, not its existence; do not render «لا يؤمن» as 'is not a Muslim'.",https://islamic-content.com/dictionary
إسلام,Islam,"Submission to Allah by affirming His oneness and following His Messenger ﷺ.","الاستسلام لله بالتوحيد والانقياد له بالطاعة واتباع رسوله ﷺ.","peace;peacefulness","يُنقل اللفظ كما هو (Islam)؛ وترجمته بـ peace ترجمة اشتقاقية لا تؤدي المعنى الشرعي.","Keep the term (Islam); translating it as 'peace' is etymological and does not convey the legal meaning.",https://islamic-content.com/dictionary
زكاة,Zakat,"The obligatory share of qualifying wealth given yearly to those entitled to it; the third pillar of Islam.","حقٌّ واجب في مالٍ مخصوص لطائفة مخصوصة في وقت مخصوص؛ الركن الثالث من أركان الإسلام.","tax;charity tax;alms tax;poor rate","لا تُترجم بـ tax لأنها عبادة لا ضريبة؛ يُستخدم اللفظ Zakat ويُشرح.","Not a 'tax' but an act of worship; keep the term Zakat and explain it.",https://islamic-content.com/dictionary
صدقة,Sadaqah,"Voluntary charity given for the sake of Allah, beyond the obligatory Zakat.","ما يُعطى تطوعًا ابتغاء وجه الله زيادةً على الزكاة الواجبة.","alms tax","تختلف عن الزكاة الواجبة؛ لا يُخلط بينهما في الترجمة.","Distinct from the obligatory Zakat; do not conflate the two.",https://islamic-content.com/dictionary
حلال,Halal,"Permissible under Islamic law.","ما أباحه الشرع.","legal;lawful under the law;kosher","المعنى شرعي لا قانوني؛ تُنقل بلفظها (Halal) أو بـ permissible.","A religious ruling, not a civil one; use 'Halal' or 'permissible'.",https://islamic-content.com/dictionary
حرام,Haram,"Prohibited under Islamic law.","ما حرّمه الشرع ويأثم فاعله.","illegal;sacred;sanctuary","لا يُخلط مع الحَرَم (المكان المقدّس)؛ وتُترجم بـ prohibited لا illegal.","Do not confuse with 'haram' as sanctuary; translate as 'prohibited', not 'illegal'.",https://islamic-content.com/dictionary
سنة,Sunnah,"The sayings, actions and tacit approvals of the Prophet ﷺ; the second source of legislation.","ما نُقل عن النبي ﷺ من قول أو فعل أو تقرير؛ المصدر الثاني للتشريع.","tradition;custom;year;habit","تُنقل بلفظها (Sunnah)؛ وترجمتها بـ tradition أو custom تُسقط معناها التشريعي.","Keep the term (Sunnah); 'tradition' or 'custom' loses its legislative meaning.",https://islamic-content.com/dictionary
جهاد,Jihad,"Striving and exerting effort in the cause of Allah, including struggle against one's own self and lawful defence under its conditions.","بذل الجهد في سبيل الله، ويشمل مجاهدة النفس والقتال المشروع بشروطه.","holy war;crusade","لا تُترجم بـ holy war فهي ترجمة غير دقيقة تاريخيًا ولغويًا.","Do not render as 'holy war'; it is inaccurate linguistically and historically.",https://islamic-content.com/dictionary
أمة,Ummah,"The community of Muslims bound by faith across lands and generations.","جماعة المسلمين التي يجمعها الدين على اختلاف البلدان والأزمان.","nation;mother;nation-state","تختلف عن nation بمعنى الدولة القومية؛ تُنقل بلفظها (Ummah).","Not a 'nation' in the nation-state sense; keep the term (Ummah).",https://islamic-content.com/dictionary
